{
    "auc": {
        "mean": 0.5016982323232323,
        "std": 0.0027161435852916037
    },
    "accuracy": {
        "mean": 0.8799666666666667,
        "std": 6.666666666665932e-05
    },
    "precision": {
        "mean": 0.0,
        "std": 0.0
    },
    "recall": {
        "mean": 0.0,
        "std": 0.0
    },
    "f1": {
        "mean": 0.0,
        "std": 0.0
    }
}